EMPID,EMP_NAME,DESIGNATION,EXPERIENCE_YEARS,BRANCH_ID,DOJ
2001,Chitra Perumal,Branch Credit Manager,28,9,1998-05-25
2002,Swathi Yadav,Senior Loan Officer,11,19,2014-09-25
2003,Kumar Tiwari,Senior Loan Officer,5,5,2021-05-25
2004,Dinesh Shah,Branch Credit Manager,15,1,2010-10-25
2005,Abhishek Ghosh,Credit Analyst,4,23,2022-01-25
2006,Usha Rajendran,Credit Analyst,30,9,1996-05-25
2007,Nitin Sen,Assistant Manager,14,13,2011-09-25
2008,Fathima Pandey,Assistant Manager,12,21,2014-06-25
2009,Hari Menon,Senior Loan Officer,6,14,2020-06-25
2010,Ramesh Nair,Loan Officer,10,7,2015-10-25
2011,Deepak Saha,Loan Officer,17,25,2009-06-25
2012,Ajay Mukherjee,Senior Loan Officer,27,15,1999-04-25
2013,Nandhini Ghosh,Assistant Manager,30,25,1996-02-25
2014,Sivakumar Subramaniam,Assistant Manager,3,5,2022-12-25
2015,Saranya Kulkarni,Branch Credit Manager,2,15,2024-05-25
2016,Latha Murugan,Loan Officer,15,24,2010-08-25
2017,Deepak Rao,Credit Analyst,30,12,1995-11-25
2018,Sathish Mishra,Loan Officer,24,7,2001-11-25
2019,Latha Das,Senior Loan Officer,16,22,2010-02-25
2020,Oviya Deshmukh,Senior Loan Officer,20,1,2006-04-25
2021,Ilango Yadav,Senior Loan Officer,26,3,2000-01-25
2022,Priya Raman,Branch Credit Manager,11,22,2014-08-25
2023,Usha Dutta,Branch Credit Manager,8,23,2018-04-25
2024,Sneha Ghosh,Loan Officer,25,16,2000-08-25
2025,Amit Gupta,Branch Credit Manager,3,4,2023-04-25
2026,Ajay Kumar,Assistant Manager,15,22,2010-10-25
2027,Radha Tiwari,Loan Officer,25,16,2000-09-25
2028,Rajini Gupta,Assistant Manager,25,17,2000-08-25
2029,Vikram Pillai,Assistant Manager,13,13,2012-09-25
2030,Radha Bhat,Senior Loan Officer,12,11,2013-08-25
2031,Ravi Balasubramanian,Assistant Manager,4,20,2022-07-25
2032,Amit Tiwari,Branch Credit Manager,19,1,2006-10-25
2033,Balaji Raman,Loan Officer,17,12,2008-11-25
2034,Balaji Roy,Senior Loan Officer,16,8,2009-08-25
2035,Hari Desai,Credit Analyst,0,5,2026-03-25
2036,Sanjay Shah,Credit Analyst,24,21,2001-10-25
2037,Divya Kulkarni,Branch Credit Manager,26,16,2000-05-25
2038,Indira Bose,Credit Analyst,21,8,2004-10-25
2039,Yogesh Rajendran,Loan Officer,17,11,2009-05-25
2040,Nandhini Kumar,Senior Loan Officer,24,18,2002-05-25
2041,Ajay Bhat,Loan Officer,4,23,2021-12-25
2042,Yogesh Murugan,Credit Analyst,10,6,2015-09-25
2043,Kalpana Iyer,Senior Loan Officer,25,14,2001-06-25
2044,Rakesh Nair,Credit Analyst,8,6,2018-07-25
2045,Rajini Iyengar,Assistant Manager,17,10,2009-07-25
2046,Nandhini Rajendran,Senior Loan Officer,19,9,2006-11-25
2047,Janani Subramaniam,Credit Analyst,14,24,2011-11-25
2048,Naveen Perumal,Senior Loan Officer,22,11,2003-11-25
2049,Anitha Sen,Assistant Manager,4,1,2022-01-25
2050,Sangeetha Roy,Loan Officer,2,14,2023-09-25
2051,Mani Jadhav,Senior Loan Officer,21,17,2005-03-25
2052,Deepa Nambiar,Senior Loan Officer,4,3,2022-03-25
2053,Anand Tiwari,Senior Loan Officer,12,6,2013-12-25
2054,Vivek Sen,Branch Credit Manager,22,13,2004-01-25
2055,Pooja Pillai,Branch Credit Manager,6,17,2020-02-25
2056,Sivakumar Menon,Loan Officer,10,20,2015-11-25
2057,Oviya Desai,Credit Analyst,10,9,2015-11-25
2058,Senthil Pillai,Branch Credit Manager,3,17,2023-04-25
2059,Uma Deshmukh,Senior Loan Officer,1,2,2025-05-25
2060,Shanthi Sen,Senior Loan Officer,27,17,1998-09-25
2061,Radha Mehta,Loan Officer,22,25,2004-02-25
2062,Praveen Raman,Loan Officer,13,2,2013-06-25
2063,Revathi Iyengar,Branch Credit Manager,2,24,2023-10-25
2064,Vikram Perumal,Assistant Manager,14,11,2012-07-25
2065,Kavitha Murugan,Senior Loan Officer,19,20,2007-05-25
2066,Ramesh Verma,Senior Loan Officer,5,21,2021-03-25
2067,Indira Deshmukh,Senior Loan Officer,20,3,2006-03-25
2068,Tara Verma,Branch Credit Manager,14,25,2011-11-25
2069,Shanthi Krishnan,Loan Officer,25,23,2001-07-25
2070,Nitin Gupta,Credit Analyst,23,8,2002-11-25
2071,Saranya Tiwari,Assistant Manager,7,10,2018-12-25
2072,Hema Joshi,Senior Loan Officer,17,12,2009-01-25
2073,Gokul Bhat,Senior Loan Officer,10,15,2016-04-25
2074,Deepa Kumar,Loan Officer,11,15,2015-07-25
2075,Divya Pillai,Assistant Manager,13,11,2013-05-25
2076,Usha Desai,Loan Officer,19,8,2007-04-25
2077,Uma Menon,Loan Officer,5,18,2021-05-25
2078,Kalpana Chowdhury,Senior Loan Officer,11,16,2015-02-25
2079,Hari Das,Senior Loan Officer,30,7,1996-03-25
2080,Prakash Subramaniam,Branch Credit Manager,10,20,2016-01-25
2081,Rakesh Kumar,Loan Officer,7,19,2018-11-25
2082,Geetha Sen,Credit Analyst,26,14,2000-06-25
2083,Sathish Joshi,Senior Loan Officer,12,3,2014-07-25
2084,Jagan Rao,Credit Analyst,18,3,2007-11-25
2085,Kiran Venkatesan,Senior Loan Officer,24,4,2002-02-25
2086,Rekha Rao,Loan Officer,23,12,2002-10-25
2087,Hema Naidu,Credit Analyst,23,7,2002-08-25
2088,Sunil Thakur,Senior Loan Officer,26,21,1999-09-25
2089,Balaji Pandey,Branch Credit Manager,0,24,2026-06-25
2090,Nitin Iyer,Loan Officer,12,4,2013-12-25
2091,Arun Nambiar,Loan Officer,15,4,2011-03-25
2092,Karthik Kulkarni,Assistant Manager,21,6,2004-11-25
2093,Shanthi Patel,Senior Loan Officer,25,22,2001-06-25
2094,Sivakumar Venkatesan,Assistant Manager,23,13,2002-09-25
2095,Rajesh Jadhav,Loan Officer,15,10,2010-09-25
2096,Ravi Banerjee,Branch Credit Manager,2,12,2023-10-25
2097,Deepa Kumar,Assistant Manager,19,3,2006-10-25
2098,Dilip Nair,Senior Loan Officer,15,18,2011-03-25
2099,Indira Desai,Assistant Manager,9,5,2016-08-25
2100,Kalpana Gupta,Branch Credit Manager,14,14,2012-06-25
2101,Vijay Desai,Assistant Manager,29,10,1996-12-25
2102,Shankar Mehta,Assistant Manager,26,5,1999-11-25
2103,Karthik Balasubramanian,Loan Officer,29,18,1997-04-25
2104,Naveen Ghosh,Senior Loan Officer,23,2,2002-11-25
2105,Vidya Ghosh,Senior Loan Officer,28,2,1998-06-25
2106,Aishwarya Raman,Senior Loan Officer,28,2,1997-12-25
2107,Dilip Menon,Assistant Manager,30,13,1995-12-25
2108,Bhavya Das,Assistant Manager,23,2,2003-05-25
2109,Lakshmi Chowdhury,Branch Credit Manager,3,19,2023-02-25
2110,Vidya Kumar,Branch Credit Manager,3,3,2023-04-25
2111,Aishwarya Mukherjee,Credit Analyst,11,19,2015-06-25
2112,Jagan Mehta,Loan Officer,11,7,2015-01-25
2113,Sowmya Desai,Senior Loan Officer,3,21,2023-07-25
2114,Vivek Chowdhury,Senior Loan Officer,8,8,2018-01-25
2115,Priya Deshmukh,Assistant Manager,25,4,2001-01-25
2116,Ramesh Bhat,Assistant Manager,23,19,2003-06-25
2117,Rekha Desai,Assistant Manager,19,3,2007-05-25
2118,Balaji Sharma,Assistant Manager,29,2,1996-11-25
2119,Yamuna Shah,Branch Credit Manager,10,14,2016-03-25
2120,Yamuna Subramaniam,Credit Analyst,20,18,2006-04-25
